{
  "version": 1,
  "author": "Louisy",
  "editor": "wokwi",
  "parts": [
    { "type": "wokwi-breadboard-half", "id": "bb1", "top": 208.2, "left": 22, "attrs": {} },
    { "type": "board-esp32-devkit-c-v4", "id": "esp", "top": 220.8, "left": -177.56, "attrs": {} },
    {
      "type": "wokwi-pushbutton",
      "id": "btn1",
      "top": 76.7,
      "left": 137.9,
      "rotate": 90,
      "attrs": { "color": "blue", "xray": "1" }
    },
    {
      "type": "wokwi-pushbutton",
      "id": "btn2",
      "top": 86.3,
      "left": 41.9,
      "rotate": 90,
      "attrs": { "color": "yellow", "xray": "1" }
    },
    {
      "type": "wokwi-led",
      "id": "led1",
      "top": 246,
      "left": 234.2,
      "attrs": { "color": "yellow" }
    },
    { "type": "wokwi-led", "id": "led2", "top": 246, "left": 205.4, "attrs": { "color": "blue" } },
    {
      "type": "wokwi-resistor",
      "id": "r1",
      "top": 321.6,
      "left": 191.45,
      "rotate": 90,
      "attrs": { "value": "220" }
    },
    {
      "type": "wokwi-resistor",
      "id": "r2",
      "top": 321.6,
      "left": 220.25,
      "rotate": 90,
      "attrs": { "value": "220" }
    }
  ],
  "connections": [
    [ "esp:TX", "$serialMonitor:RX", "", [] ],
    [ "esp:RX", "$serialMonitor:TX", "", [] ],
    [ "esp:GND.2", "bb1:bn.1", "black", [ "v0" ] ],
    [ "r1:2", "bb1:bn.16", "green", [ "h0" ] ],
    [ "r2:2", "bb1:bn.18", "green", [ "h0" ] ],
    [ "led2:A", "esp:32", "green", [ "v0" ] ],
    [ "led1:A", "esp:33", "green", [ "v0" ] ],
    [ "btn2:2.r", "bb1:bn.5", "green", [ "v0" ] ],
    [ "btn1:2.r", "bb1:bn.10", "green", [ "v0" ] ],
    [ "btn1:1.r", "esp:25", "green", [ "v0" ] ],
    [ "btn2:1.r", "esp:26", "green", [ "v0" ] ],
    [ "led1:A", "bb1:23t.d", "", [ "$bb" ] ],
    [ "led1:C", "bb1:22t.d", "", [ "$bb" ] ],
    [ "led2:A", "bb1:20t.d", "", [ "$bb" ] ],
    [ "led2:C", "bb1:19t.d", "", [ "$bb" ] ],
    [ "r1:1", "bb1:19t.e", "", [ "$bb" ] ],
    [ "r1:2", "bb1:19b.i", "", [ "$bb" ] ],
    [ "r2:1", "bb1:22t.e", "", [ "$bb" ] ],
    [ "r2:2", "bb1:22b.i", "", [ "$bb" ] ]
  ],
  "dependencies": {}
}